index,open_btc,high_btc,low_btc,close_btc,volume_btc,num_trades_btc,buy_volume_btc,open_eth,high_eth,low_eth,close_eth,volume_eth,num_trades_eth,buy_volume_eth,sum_volume,count,avg,min,max,open_keep,close_keep,high_keep,low_keep,vol_keep,volcon_keep,open,close,high,low,volume,volumeConverted,average,cnt
2020-05-30,9426.60000000,9740.00000000,9331.23000000,9697.72000000,55665.27254000,651290,29252.67990400,220.63000000,247.00000000,218.80000000,243.66000000,1019550.75146000,341862,511425.44765000,55722.799999999996,13,4286.369230769231,2.0,19998.0,0.003006,0.002638,0.005663,0.001516,43601.43,122.51430789,0.679682981718,0.610753831756,1.03172993718,0.483405477958,40921.63756195062,27584.9750584572,0.6740926488265955,20.0
2020-05-31,9697.72000000,9700.00000000,9381.41000000,9448.27000000,48333.78640300,651473,22778.00116900,243.71000000,245.39000000,229.58000000,231.57000000,821608.68884000,320066,381831.06077000,7363.49,12,613.6241666666666,10.0,2000.0,0.002676,0.001614,0.002726,0.001241,46042.93,99.96883646,0.610816447626,0.454319147975,0.677229775099,0.357196620792,36135.276163558905,20479.9179185536,0.5667569226773156,20.0
2020-06-01,9448.27000000,10380.00000000,9421.67000000,10200.77000000,76649.12696000,826964,41530.41231700,231.56000000,250.68000000,230.66000000,248.23000000,823816.69936000,318497,426075.31776000,6748.219999999999,4,1687.0549999999998,155.82,4000.0,0.00162,0.001642,0.001657,0.001254,43331.81,70.05021413,0.448293975255,0.432639347039,0.468399444036,0.396446211648,42269.82919143476,18892.5689766964,0.4469516281017915,3.0
2020-06-02,10202.71000000,10228.99000000,9266.00000000,9518.04000000,108970.77315100,1004312,49354.90796900,248.23000000,253.80000000,225.00000000,237.71000000,955520.91863000,355417,462682.15945000,10192.69,1,10192.69,10192.69,10192.69,0.001549,0.001362,0.001657,0.001203,45102.01,59.81918545,0.436801388323,0.371691198708,0.438719662319,0.314262643198,42631.36837203278,16084.309969861,0.3772881468288196,3.0
2020-06-03,9518.02000000,9690.00000000,9365.21000000,9666.24000000,46252.64493900,562784,22656.30815000,237.71000000,245.00000000,232.71000000,244.52000000,502928.13371000,213792,259904.04578000,16814.97,2,8407.485,6814.97,10000.0,0.001331,0.001543,0.002713,0.001153,41064.38,64.27632523,0.371691198708,0.292594945023,0.547466095857,0.243058197248,49168.564308509325,20194.3516135346,0.4107167231246506,8.0
2020-06-04,9666.32000000,9881.63000000,9450.00000000,9789.06000000,57456.10096900,665881,28778.23737100,244.54000000,246.60000000,236.00000000,243.21000000,669369.33920000,253226,332175.55769000,320.71999999999997,4,80.17999999999999,24.66,135.7,0.001469,0.001269,0.002718,0.00116,53594.34,68.17175102,0.299047285385,0.324882100713,0.598071704027,0.26207695569,59319.4180584263,17474.1231853782,0.29457678037514073,6.0
2020-06-05,9788.14000000,9854.75000000,9581.00000000,9621.16000000,47788.05005000,566062,22329.10711900,243.22000000,247.87000000,239.14000000,240.03000000,502547.41103000,205337,242309.99059000,527.46,2,263.73,263.73,263.73,0.001299,0.001295,0.002197,0.001174,49335.39,67.46638407,0.324882100713,0.315826794649,0.529374355449,0.286962131705,47774.836122872075,15926.8717921427,0.333373656189639,2.0
2020-06-06,9621.17000000,9735.00000000,9531.05000000,9666.30000000,32752.95089300,435796,15832.69376500,240.04000000,244.70000000,237.83000000,241.94000000,389423.07798000,161709,198723.53956000,1414.24,5,282.848,1.0,501.62,0.001295,0.001402,0.001402,0.001276,29067.96,39.40919711,0.339171950859,0.339664662061,0.342647246794,0.307610961845,48504.18613734277,16066.9839606468,0.33124942896994675,21.0
2020-06-07,9666.85000000,9802.00000000,9372.46000000,9746.99000000,57952.84838500,637766,28426.59512900,241.94000000,245.37000000,234.60000000,244.56000000,571102.55515000,226478,285159.65388000,21195.379999999997,7,3027.911428571428,10.0,7512.11,0.001403,0.00158,0.00264,0.001174,42333.07,65.64377100,0.339664662061,0.363451908621,0.636952241403,0.333050081162,39509.289174680984,15365.7617418393,0.3889151655931651,9.0
2020-06-08,9746.99000000,9800.00000000,9633.00000000,9782.01000000,40664.66412500,485139,19744.03912400,244.57000000,247.70000000,240.59000000,246.40000000,383116.54719000,159981,193451.07601000,376.25,1,376.25,376.25,376.25,0.001576,0.001562,0.001796,0.001355,35345.08,53.32700364,0.387371328875,0.3634410689,0.432642190564,0.338228076306,36028.18660396777,13105.7535567507,0.36376389688476213,5.0
2020-06-09,9782.00000000,9877.00000000,9570.00000000,9772.43000000,46024.00128900,551863,21901.19095000,246.37000000,249.82000000,238.00000000,243.80000000,420327.17133000,185974,202641.07177000,213860.61,9,23762.289999999997,650.3,90309.62,0.001592,0.001388,0.0019,0.001289,49389.27,75.99117112,0.367067699586,0.35962076804,0.461509357391,0.314268082427,49674.13785768842,18672.8262236728,0.37590639775507795,11.0
2020-06-10,9772.44000000,9992.72000000,9704.18000000,9885.00000000,47130.76298200,560909,23128.16103200,243.79000000,250.28000000,242.00000000,247.78000000,431285.61715000,185330,221305.11120000,146.4,3,48.800000000000004,3.83,73.2,0.001367,0.001678,0.003817,0.001367,45589.32,76.21281180,0.359673497644,0.40423513008,0.889803541645,0.336271017522,62731.356016205595,24189.6270630245,0.3856066343723786,5.0
2020-06-11,9885.22000000,9964.00000000,9113.00000000,9280.40000000,94418.98473000,966502,40972.06474900,247.78000000,250.09000000,226.20000000,230.51000000,816456.89161000,312655,373492.34304000,135831.50000000003,42,3234.083333333334,1.1,40000.0,0.001646,0.003148,0.0057,0.001175,98000.50,188.25706600,0.404261518475,0.725203834524,1.33781961164,0.359090802169,202848.3864636342,105752.325912071,0.5213367863344076,69.0
2020-06-12,9278.88000000,9557.12000000,9232.51000000,9465.13000000,50119.06693200,553203,24344.81637000,230.46000000,239.38000000,228.19000000,237.55000000,446515.34124000,181977,224589.29616000,569472.26,102,5583.061372549019,1.0,219832.58,0.003229,0.003034,0.003803,0.001902,65681.66,190.47174172,0.725764850592,0.700657753669,0.860046904783,0.511493950735,87670.05410168048,59785.7733867396,0.6819406466591152,165.0
2020-06-13,9464.96000000,9494.73000000,9351.00000000,9473.34000000,27759.78485100,392763,13531.00721400,237.55000000,238.73000000,234.66000000,238.11000000,253797.78090000,134555,126898.09775000,129506.17,16,8094.135625,0.01,47000.0,0.003098,0.002339,0.003364,0.002329,52682.77,137.71493572,0.713707996671,0.565721391903,0.777347363886,0.554584855543,47040.03493552338,30102.1181934421,0.6399255067455272,22.0
2020-06-14,9473.34000000,9480.99000000,9245.00000000,9342.10000000,30055.50660800,415568,14465.41615100,238.13000000,238.59000000,229.83000000,231.77000000,304943.21188000,158093,150190.06138000,67568.82000000002,26,2598.80076923077,0.78,30000.0,0.002335,0.002307,0.002979,0.002079,57985.65,139.07236814,0.559234934722,0.520198415243,0.709363965851,0.495525457333,54103.32407528406,31399.540678671,0.5803625048061549,32.0
2020-06-15,9342.10000000,9495.00000000,8910.45000000,9426.02000000,86107.92470700,839521,41630.74752900,231.74000000,233.55000000,218.27000000,230.86000000,875026.92057000,308126,410989.99093000,14684.619999999999,7,2097.802857142857,34.63,5624.15,0.002228,0.002701,0.003078,0.002201,56995.51,148.69470822,0.538777583299,0.61977638464,0.686623329066,0.509831679933,62968.17337043549,35990.0398890237,0.5715592173414,25.0
2020-06-16,9426.05000000,9589.00000000,9373.09000000,9525.59000000,52052.44692700,543481,25692.83962500,230.86000000,236.00000000,228.70000000,235.30000000,499194.66758000,188136,252188.71079000,486930.49999999994,22,22133.204545454544,75.39,95000.0,0.002579,0.002705,0.002725,0.002301,65871.79,161.55006319,0.619728281509,0.604957920414,0.627069393782,0.530668562992,85440.17936814835,49226.9559705638,0.5761569829863367,24.0
2020-06-17,9526.97000000,9565.00000000,9236.61000000,9465.14000000,48046.41115200,536158,22842.83127600,235.31000000,237.30000000,227.65000000,233.82000000,478187.29170000,189653,232960.69025000,397572.92,23,17285.77913043478,29.66,50000.0,0.002711,0.002237,0.002759,0.002229,50362.07,125.93579070,0.605300818107,0.56043650196,0.634604108354,0.552969895972,82379.36817744517,49285.0211745586,0.5982689873075824,34.0
2020-06-18,9465.13000000,9489.00000000,9280.00000000,9386.32000000,37381.95376500,475074,17940.40525300,233.82000000,234.65000000,227.93000000,231.27000000,334347.79917000,145815,157912.89857000,105634.27,28,3772.6525,36.9,30174.0,0.002245,0.002215,0.00264,0.002056,62935.93,143.97935542,0.561118386426,0.558919550933,0.612525486721,0.539092591511,97363.0308941982,55541.4973194832,0.5704577683067268,31.0
2020-06-19,9386.32000000,9438.30000000,9215.79000000,9310.23000000,45330.98367300,503484,22055.96904600,231.26000000,231.95000000,226.74000000,229.00000000,397284.59808000,160682,196717.52384000,251843.62999999998,38,6627.46394736842,1.0,59995.73,0.002201,0.002394,0.003069,0.002201,93028.01,235.66588487,0.559518348766,0.588249196832,0.685784903998,0.5482308893,140414.2854928391,81873.9302566868,0.5830883230243852,50.0
2020-06-20,9310.23000000,9395.00000000,9170.95000000,9358.95000000,30329.06538400,382778,15125.08176900,229.00000000,230.85000000,225.62000000,228.89000000,303704.98826000,129778,146807.30372000,117396.67000000001,17,6905.686470588236,100.0,17189.0,0.002483,0.002698,0.002847,0.002215,63040.77,157.59960430,0.588182304374,0.622185689227,0.660939483282,0.57009041904,103215.9687875092,63529.676723502,0.6155024020972045,30.0
2020-06-21,9358.95000000,9422.00000000,9281.54000000,9294.69000000,24316.92623400,321015,11779.79718200,228.88000000,231.49000000,227.11000000,228.04000000,256305.23734000,109238,133367.32601000,109214.05999999998,22,4964.275454545454,14.0,19996.12,0.002697,0.002784,0.003139,0.002165,90398.73,241.52115707,0.635731649733,0.647733048627,0.686255684028,0.568732634989,127731.35340256605,79858.4219465954,0.6252061049952915,30.0
2020-06-22,9294.69000000,9780.00000000,9277.09000000,9685.69000000,57895.46834300,588704,30738.20037500,228.03000000,246.89000000,227.51000000,243.13000000,749030.11114000,256688,381685.54634000,427021.36,34,12559.451764705882,0.22,62135.27,0.002757,0.002797,0.003512,0.002327,128558.37,348.90150920,0.644605162776,0.669421406472,0.787690737644,0.582628991035,170369.32838294,116505.695174214,0.6838419584089899,45.0
2020-06-23,9685.69000000,9720.00000000,9577.03000000,9624.89000000,41031.02938000,474319,19112.60621600,243.11000000,244.87000000,240.75000000,243.14000000,442296.31477000,172649,224811.21947000,185326.55999999997,18,10295.919999999998,10.0,69996.41,0.002851,0.002783,0.0032,0.00235,118818.75,323.10330565,0.672678371131,0.656660695076,0.754042204731,0.595405612865,156200.0493781982,106443.995560429,0.6814594232470585,25.0
2020-06-24,9624.33000000,9670.00000000,9208.00000000,9296.49000000,61571.56146400,572362,26903.54406100,243.15000000,249.24000000,231.07000000,234.58000000,921634.05340000,289888,447817.33625000,328638.52,41,8015.573658536586,4.67,69995.33,0.002791,0.002311,0.002792,0.002,112345.00,266.32213461,0.656210606053,0.532184300235,0.659352601164,0.484898227259,126075.79930703965,76667.1647324969,0.6081037372270386,67.0
2020-06-25,9298.33000000,9340.00000000,9009.69000000,9249.49000000,55831.61915600,536205,26546.39556300,234.57000000,235.39000000,227.56000000,232.50000000,613748.59348000,192323,312667.90698000,369132.3500000002,93,3969.165053763443,5.96,50209.89,0.002302,0.002326,0.002901,0.002003,184495.31,453.38388137,0.532574586735,0.560837900105,0.633401974173,0.517101959852,3947195.829797173,2284215.9114529,0.5786933331783224,130.0
2020-06-26,9249.49000000,9298.00000000,9045.45000000,9162.21000000,50292.29827700,510947,23307.90347500,232.49000000,233.61000000,227.75000000,229.64000000,628340.07007000,192182,313069.39625000,22481445.950000007,86,261412.1622093024,7.26,20000000.0,0.002337,0.002462,0.002644,0.002002,90328.13,213.11781531,0.561310985131,0.512812579822,0.612050696269,0.475102066331,3555886.357510628,2039345.04342281,0.5735124349841415,161.0
2020-06-27,9162.21000000,9196.24000000,8833.00000000,9012.00000000,46290.93011300,499415,21056.87686000,229.66000000,231.42000000,216.00000000,220.94000000,645950.61438000,207051,299265.01724000,303162.7,90,3368.4744444444445,25.44,111927.94,0.002448,0.002285,0.002474,0.002009,84411.54,181.55601326,0.513231934786,0.517330120705,0.564030814092,0.475119597301,4062071.17229418,2078170.50723177,0.5116036669682622,120.0
2020-06-28,9012.00000000,9191.00000000,8948.06000000,9116.35000000,30688.17642100,374404,14982.80452800,220.94000000,227.96000000,218.32000000,224.93000000,444766.56881000,144728,236280.14760000,251480.04999999996,66,3810.3037878787873,13.24,49995.24,0.00225,0.002276,0.002346,0.002003,117039.69,261.85460422,0.517330120705,0.505581433282,0.534565147152,0.492233147946,3856068.15900876,1991193.55928076,0.5163792436160194,78.0
2020-06-29,9116.16000000,9238.00000000,9024.67000000,9192.56000000,42120.29326100,434299,20449.09779600,224.89000000,229.96000000,221.26000000,227.93000000,597915.52242000,183558,305421.87340000,300620.3499999999,70,4294.576428571428,8.89,39995.66,0.002269,0.001963,0.002345,0.001884,164445.46,341.42285802,0.505581433282,0.482315021086,0.524253647701,0.432737866967,3526351.5051939962,1704280.76743439,0.48329860620081094,89.0
2020-06-30,9192.93000000,9205.00000000,9064.89000000,9138.55000000,31463.16280100,328083,15267.74746700,227.98000000,228.70000000,222.91000000,225.60000000,415036.02977000,143612,202532.74647000,117874.28000000003,127,928.1439370078742,21.39,13116.49,0.001949,0.001852,0.002123,0.001693,135829.90,261.13546321,0.481802758974,0.412563110041,0.489725118955,0.406867837539,3433851.923813015,1562287.34304143,0.4549664277039169,177.0
2020-07-01,9138.08000000,9292.00000000,9080.10000000,9232.00000000,38488.52869900,374832,19068.83170500,225.59000000,232.71000000,224.16000000,230.99000000,517351.58865000,176455,265707.94626000,288598.00999999995,250,1154.3920399999997,5.0,20693.64,0.001858,0.001835,0.002039,0.00161,190871.98,351.71277792,0.410127142348,0.440837408274,0.453978824439,0.386438427207,4095196.042060051,1724459.11711396,0.4210931783003205,319.0
2020-07-02,9231.99000000,9261.96000000,8940.00000000,9086.54000000,45725.16807600,470292,21637.63048900,230.99000000,232.01000000,222.87000000,226.46000000,592485.91115000,210294,282313.90134000,433800.49999999977,266,1630.8289473684201,7.61,49994.59,0.001844,0.001784,0.002643,0.001504,141729.06,254.21915351,0.439322797294,0.431080918568,0.441686941577,0.390622731597,3940210.4682080843,1638080.65675474,0.41573430403571837,290.0
2020-07-03,9086.54000000,9125.00000000,9037.47000000,9058.26000000,28943.42017700,343189,13719.52451700,226.46000000,228.13000000,223.97000000,224.87000000,314578.50040000,139167,153734.92210000,388022.45000000007,58,6690.042241379311,24.0,299860.95,0.001796,0.002098,0.002131,0.001733,139481.00,269.59560387,0.433017103534,0.485806512627,0.490341546327,0.418321587544,4082651.947545977,1772175.49039583,0.43407459493603395,85.0
2020-07-04,9057.79000000,9190.00000000,9040.04000000,9135.46000000,26441.96848400,335225,13588.81960000,224.86000000,230.71000000,224.43000000,229.17000000,307726.46593000,134338,156161.48084000,105504.51,89,1185.4439325842695,1.0,10271.6,0.002089,0.002207,0.002451,0.002,107513.72,233.36620205,0.486386465005,0.496749271015,0.527109586236,0.469674566872,3454540.4816833735,1691727.94538297,0.48971142597773315,182.0
2020-07-05,9135.00000000,9145.24000000,8893.03000000,9069.41000000,34073.65362700,384500,16276.23427000,229.24000000,229.85000000,223.05000000,227.56000000,355747.12006000,152077,173480.66716000,80090.03999999998,34,2355.5894117647053,41.88,20000.0,0.002203,0.002217,0.002434,0.002053,112690.94,240.40799773,0.495910483456,0.490604924306,0.50341670363,0.471850690297,2980568.64572962,1470474.83603734,0.4933537894334855,78.0
2020-07-06,9069.41000000,9375.00000000,9055.92000000,9344.20000000,54463.13227700,533540,28132.94222200,227.54000000,242.00000000,226.93000000,241.60000000,864817.50700000,268187,443659.99767000,186757.85,57,3276.45350877193,22.32,30000.0,0.00223,0.002151,0.002253,0.002051,135072.17,290.43925643,0.491059188949,0.524091990681,0.534325479743,0.472156555616,3336684.5403951975,1655046.53350832,0.4960152850746556,148.0
2020-07-07,9342.47000000,9379.42000000,9203.00000000,9257.39000000,34587.33667800,433481,16284.84900200,241.60000000,243.77000000,234.40000000,239.39000000,600424.97209000,213589,293523.48727000,85592.3,56,1528.4339285714286,5.0,9738.0,0.002143,0.00234,0.002397,0.002082,108175.18,235.42646477,0.52447972542,0.538287396341,0.550156204779,0.506604753077,2527057.640487639,1317265.70199136,0.5212646046875176,123.0
2020-07-08,9257.40000000,9470.00000000,9231.00000000,9436.06000000,56140.51778100,652605,28067.68064200,239.39000000,248.88000000,237.78000000,246.95000000,958185.83708000,309582,472779.31973000,844976.3799999999,83,10180.438313253011,10.0,691983.6,0.00232,0.002297,0.00259,0.00215,114367.44,269.14905705,0.538287396341,0.569314355301,0.606458581282,0.52312337078,2716069.742574973,1559272.11694172,0.5740913395925725,256.0
2020-07-09,9436.06000000,9440.79000000,9160.00000000,9232.43000000,48044.45064500,575491,22644.91550100,246.94000000,247.90000000,237.88000000,241.98000000,647641.58291000,243580,313999.27569000,209583.27000000005,106,1977.2006603773589,1.0,60000.0,0.002296,0.002213,0.002299,0.0021,77973.86,168.62626022,0.570080445562,0.52532294415,0.570820840776,0.519470191995,2053764.960377906,1104337.82302556,0.5377138301270632,166.0
2020-07-10,9232.42000000,9317.48000000,9125.00000000,9288.34000000,38295.49400600,525484,18360.61316800,241.97000000,242.16000000,235.72000000,241.26000000,455025.12385000,181124,234086.96963000,85521.54,66,1295.780909090909,4.27,21000.0,0.002216,0.002196,0.002229,0.0021,88213.55,191.92267754,0.524486217024,0.524027322473,0.532288878317,0.511625012286,1121499.365438203,583342.610950012,0.520145288465752,148.0
2020-07-11,9288.34000000,9299.28000000,9178.25000000,9234.03000000,22561.36600000,413452,10815.47329300,241.27000000,241.67000000,237.54000000,239.19000000,294476.00626000,140265,144264.75794000,301856.1499999999,101,2988.674752475247,10.53,40000.0,0.002188,0.002189,0.002222,0.00186,143244.70,299.16970019,0.524027322473,0.50791627039,0.529778813941,0.504705609874,1354644.398925887,698616.356237063,0.5157193701837942,138.0
2020-07-12,9234.02000000,9345.00000000,9157.50000000,9302.75000000,30872.70228600,484875,14980.18770400,239.19000000,244.00000000,236.52000000,242.79000000,469315.11720000,201729,238720.16445000,75059856.56,35,2144567.3302857145,82.59,75000000.0,0.002192,0.002236,0.002407,0.001984,121398.62,260.13140523,0.508139504391,0.521117347099,0.550859043393,0.483970192481,1328333.7539723855,669037.459527665,0.5036666858211701,139.0
2020-07-13,9303.31000000,9343.82000000,9200.89000000,9242.62000000,42740.06911500,642552,19689.44333700,242.76000000,245.33000000,237.33000000,239.50000000,604093.04245000,240032,304677.24908000,526443.8399999999,122,4315.113442622949,0.51,90692.86,0.002224,0.002493,0.002565,0.002101,117841.45,276.78215497,0.521117347099,0.582960373628,0.598188714004,0.508908118271,2576360.208960419,1412929.63691433,0.548420842706796,216.0
2020-07-14,9242.61000000,9279.54000000,9113.00000000,9255.85000000,45772.55250900,613139,21666.53695100,239.50000000,242.09000000,237.00000000,240.44000000,426320.89188000,172704,212486.68184000,168174.6,35,4804.988571428572,100.0,90000.0,0.002498,0.002414,0.0026,0.002322,100848.14,250.32126340,0.584819884968,0.577805433872,0.602481041438,0.550085395658,727290.3687781331,424147.770972499,0.5831890386298919,92.0
2020-07-15,9255.85000000,9276.49000000,9160.57000000,9197.60000000,39053.57966500,554780,17977.67974700,240.45000000,241.45000000,236.83000000,238.61000000,368350.66518000,154984,178198.01400000,181120156.50999996,72,2515557.729305555,4.0,90071992.55,0.002389,0.002231,0.0025,0.00216,99837.75,226.95980135,0.578001467972,0.53397121125,0.58197122455,0.524287600774,458003.57153878926,254424.07737494,0.5555067540633628,196.0
2020-07-16,9197.60000000,9226.15000000,9047.25000000,9133.72000000,43375.57119100,681807,20410.13000900,238.59000000,239.39000000,230.02000000,233.57000000,587161.73894000,222138,284514.03969000,2.7670116110564536e+19,45,6.148914691236563e+17,34.56,9.223372036854776e+18,0.002244,0.00228,0.002365,0.00205,128257.64,282.00167935,0.533346859856,0.53295368288,0.55833491482,0.517381197976,494885.9665169839,263612.880683885,0.5326739865735072,109.0
2020-07-17,9133.72000000,9186.83000000,9089.81000000,9154.32000000,28054.35874100,470991,13397.53780500,233.58000000,234.84000000,231.65000000,232.67000000,325600.21444000,149088,159858.08306000,188191.02999999997,41,4590.025121951218,0.47,59995.39,0.002272,0.002188,0.002349,0.002012,100210.37,222.70750692,0.533745137591,0.494646540535,0.536322207871,0.494178733652,571311.6701740624,299774.253024696,0.5247122869612717,85.0
2020-07-18,9154.31000000,9219.30000000,9121.10000000,9170.28000000,22554.54145700,430377,11502.70482900,232.66000000,236.80000000,232.32000000,235.67000000,341356.61820000,136494,168653.68252000,4132695.5200000005,78,52983.2758974359,1.0,2000000.0,0.002166,0.001591,0.002345,0.001567,111762.28,215.99844126,0.493935229834,0.38427805024,0.503526271888,0.373083769482,754202.8324764124,356880.112717835,0.4731885075875744,435.0
2020-07-19,9170.30000000,9232.27000000,9101.35000000,9208.99000000,26052.01941700,440449,12873.37349300,235.67000000,239.92000000,233.28000000,239.11000000,348803.52073000,144896,177800.65726000,5.000000000000001e+21,190,2.6315789473684218e+19,2.5,5e+21,0.001595,0.001873,0.002133,0.001501,91186.71,156.45005385,0.384640025095,0.433351737511,0.457155484826,0.362350409038,1161273.4556039462,468833.028180051,0.40372319363506326,438.0
2020-07-20,9208.99000000,9221.52000000,9131.00000000,9160.78000000,35458.76408200,557096,16527.69288600,239.12000000,239.72000000,234.05000000,236.01000000,396657.91938000,164435,193222.00995000,549923.9600000002,108,5091.88851851852,20.0,100000.0,0.001885,0.001798,0.002241,0.001491,108508.27,194.00569486,0.432757436671,0.441070395459,0.463927838596,0.408660832469,959932.954268209,414783.858910007,0.4320966970304832,177.0
2020-07-21,9160.78000000,9437.73000000,9152.80000000,9390.00000000,60413.58248600,782959,29470.51205100,236.00000000,246.66000000,235.57000000,245.59000000,637462.08074000,240019,335588.62905000,613093.2300000001,84,7298.72892857143,15.2,306009.76,0.001787,0.001838,0.002063,0.001472,89880.83,162.39624349,0.433883008758,0.445339366003,0.461673275793,0.410439191661,805797.965833688,351281.086192771,0.4359418875292536,262.0
2020-07-22,9390.00000000,9544.00000000,9261.00000000,9518.16000000,48815.00410700,663029,23362.19379000,245.53000000,269.61000000,241.51000000,263.74000000,718417.68296000,273546,382255.45060000,278773.7,71,3926.3901408450706,22.14,117908.83,0.001824,0.001742,0.002074,0.00162,92601.38,172.39297085,0.445858418937,0.455732332681,0.474473978015,0.436267953694,862396.241004919,389015.883427474,0.45108717423694694,205.0
2020-07-23,9518.16000000,9664.00000000,9440.33000000,9603.27000000,51856.23350000,735371,24461.26546800,263.75000000,279.98000000,259.70000000,275.30000000,1068774.57879000,378573,548027.77647000,123298.64000000001,72,1712.4811111111112,18.06,21545.59,0.001734,0.001782,0.002077,0.001642,116731.71,209.46993870,0.455732332681,0.520047456959,0.532140119967,0.434232618727,1127923.3439847345,522933.118682111,0.4636246970779855,327.0
2020-07-24,9603.27000000,9637.00000000,9463.44000000,9537.80000000,43931.13620500,677725,20416.29997300,275.31000000,287.34000000,266.00000000,279.15000000,926033.06692000,362608,467152.58946000,9.223372036855298e+18,155,5.950562604422773e+16,8.0,9.223372036854776e+18,0.001794,0.002081,0.0022,0.001757,126542.80,247.96420507,0.520047456959,0.604949694084,0.610068732777,0.47518747337,1296881.2684573818,685294.027266013,0.528416936795732,322.0
2020-07-25,9538.10000000,9732.90000000,9513.00000000,9700.42000000,40679.54541600,675222,19626.60889300,279.15000000,308.94000000,279.09000000,305.26000000,1058927.30554000,424683,546337.36919000,805591.1700000003,103,7821.273495145634,4.8,499486.16,0.002092,0.00193,0.00225,0.001774,178523.96,363.49560761,0.604680882221,0.649489138213,0.685919704597,0.541483522323,1490523.826954968,858436.775368511,0.5759295892117572,332.0
2020-07-26,9700.42000000,10111.00000000,9650.00000000,9931.54000000,65279.26931900,945611,33748.33180700,305.31000000,318.75000000,299.00000000,311.00000000,1270368.75300000,486058,629296.22696000,5.7000000000001e+20,162,3.51851851851858e+18,0.09,5.7e+20,0.001942,0.002112,0.00223,0.001804,146234.10,300.93845418,0.650583588456,0.630076788557,0.696219163367,0.616620575597,897907.8001333775,578886.759254373,0.6447062372867055,342.0
2020-07-27,9931.54000000,11394.86000000,9917.21000000,11029.96000000,150188.93314400,1901088,76650.61005100,311.02000000,333.31000000,310.78000000,321.93000000,1636122.34727000,645395,818454.59042000,279564.6399999999,82,3409.3248780487793,68.22,35067.78,0.002111,0.001641,0.002129,0.001585,117945.07,209.05384416,0.630081111478,0.543477889433,0.664270372922,0.506681930538,807781.1095153051,475744.407572339,0.5889521331562223,160.0
2020-07-28,11029.96000000,11242.23000000,10565.00000000,10906.27000000,97267.73418700,1475636,46575.43053400,321.95000000,326.80000000,305.86000000,316.77000000,1093231.55578000,458451,526272.91372000,9.223372036854993e+18,96,9.607679205057285e+16,48.0,9.223372036854776e+18,0.001631,0.001562,0.00185,0.001542,95134.73,154.94649578,0.541485117141,0.503073292451,0.550516859628,0.496073077265,805956.4144159079,423723.283442931,0.5257396998943317,239.0
2020-07-29,10906.27000000,11342.82000000,10812.00000000,11100.53000000,76838.09423300,1127302,36218.47706500,316.77000000,325.00000000,312.38000000,317.71000000,792802.32148000,347597,403407.16614000,90340005.2,39,2316410.38974359,0.59,90071992.55,0.001575,0.001534,0.001645,0.001523,91350.56,142.37693080,0.502723007797,0.490556451823,0.519876620141,0.488596004475,703888.4009228513,356851.51937018,0.5069717286182305,83.0
2020-07-30,11100.52000000,11170.00000000,10831.00000000,11099.61000000,60794.82645600,879960,28272.69876500,317.76000000,342.00000000,314.05000000,334.87000000,1008827.56698000,410721,548703.63674000,585740.0700000001,46,12733.479782608698,1.0,481451.2,0.001524,0.001502,0.00169,0.00143,102573.58,154.59747656,0.490178716577,0.487342668468,0.509694019333,0.448763572987,789457.1147355989,388157.921840914,0.49167702031656774,66.0
2020-07-31,11099.79000000,11444.00000000,10960.00000000,11335.46000000,70063.66097400,971584,34068.14336500,334.82000000,349.45000000,328.40000000,346.33000000,948088.44982000,461788,479449.06541000,147848.03,60,2464.1338333333333,120.0,58227.0,0.001511,0.001519,0.001659,0.001312,97932.26,142.24648261,0.487342668468,0.508450733577,0.531584790929,0.46485716234,909771.142286729,457346.153153071,0.5027046164637865,197.0
2020-08-01,11335.46000000,11861.00000000,11220.00000000,11801.17000000,85087.48512600,1174252,40523.73352400,346.32000000,392.67000000,343.07000000,387.00000000,1440843.34203000,598900,763925.60566000,182781.89000000007,52,3515.0363461538477,34.65,52121.31,0.001529,0.001328,0.001559,0.001272,91319.21,124.89504142,0.509377727919,0.504011415451,0.521613248806,0.463071502893,887999.7818851385,443604.871001414,0.49955515761465996,140.0
2020-08-02,11801.17000000,12123.46000000,10518.50000000,11071.35000000,97553.07760400,1459900,45974.78641500,387.01000000,415.85000000,325.00000000,372.42000000,2324909.09616000,960835,1147802.64923000,231403.65000000014,53,4366.106603773587,50.0,59122.89,0.001324,0.00125,0.001428,0.001212,90566.80,120.45274920,0.504793017189,0.495085285823,0.524396046243,0.494515179925,862225.1770459011,439354.889687128,0.5095593371471902,94.0
2020-08-03,11071.36000000,11473.00000000,10936.00000000,11219.81000000,56931.84147500,919185,27133.03513600,372.45000000,398.00000000,366.50000000,385.94000000,1191565.09389000,534803,594188.68302000,23019.460000000003,36,639.4294444444445,1.0,2325.71,0.001264,0.001196,0.00142,0.001177,91848.00,113.60987104,0.495681488923,0.486955092138,0.53473733415,0.474710400972,819008.4759398259,411414.359094221,0.5023322360884193,62.0
2020-08-04,11219.68000000,11414.98000000,11000.00000000,11191.97000000,58629.11370900,863692,27861.61566100,385.91000000,402.98000000,380.77000000,389.61000000,1180792.42379000,503335,580630.09812000,139739.22999999998,35,3992.549428571428,50.0,75000.0,0.001194,0.001383,0.001414,0.001176,80190.34,101.94530360,0.487813243382,0.515595295504,0.53515494209,0.485800085638,976288.0158321881,494961.031030631,0.5069825942795437,77.0
2020-08-05,11191.99000000,11780.93000000,11093.00000000,11744.91000000,74970.25685200,964637,36130.38455100,389.59000000,407.00000000,384.11000000,400.72000000,1124119.06720000,459722,569086.53448000,303350.29000000015,63,4815.083968253971,34.65,105428.11,0.001388,0.001232,0.00157,0.001101,110165.83,143.51320318,0.514842315987,0.518745266397,0.587851619471,0.486227151998,1028507.7155897461,549261.697484751,0.5340375080898683,169.0
2020-08-06,11744.91000000,11900.00000000,11562.50000000,11762.46000000,63529.08502000,919918,30044.20329700,400.72000000,403.66000000,390.51000000,394.77000000,821379.08397000,388529,403029.86304000,167687.03,68,2465.9857352941176,75.0,25296.38,0.001242,0.001693,0.001696,0.00115,108039.28,150.17036325,0.518745266397,0.623351599804,0.657516645314,0.513366416981,1282122.669972304,697386.264657794,0.5439309989525876,224.0
2020-08-07,11762.47000000,11909.94000000,11322.00000000,11594.23000000,65755.92602200,940045,29993.01871000,394.77000000,398.26000000,362.85000000,379.34000000,1041207.35946000,466548,499790.82669000,2675794.77,225,11892.4212,13.81,2083333.33,0.001685,0.00216,0.002324,0.001445,118949.18,209.70906406,0.623304560963,0.768537902046,0.781420352022,0.580978282901,1607777.4489248882,1056946.88641662,0.6573962628493107,929.0
2020-08-08,11594.36000000,11808.27000000,11512.00000000,11761.41000000,41858.16104000,779318,20448.35261800,379.34000000,397.05000000,375.79000000,397.03000000,623029.78053000,300577,325760.87681000,1000001083117.9003,449,2227173904.49421,1.0,1000000000000.0,0.002171,0.003025,0.003259,0.00191,145444.14,376.20096199,0.811478607262,1.10012085955,1.18883620166,0.776087720275,1868842.2727053799,1809240.23477064,0.9681075076237127,2619.0
2020-08-09,11761.02000000,11797.11000000,11521.97000000,11681.68000000,41493.06734200,853386,19031.22331400,397.05000000,400.00000000,383.36000000,390.14000000,594900.58133000,319111,294055.13111000,751938.6599999998,338,2224.6705917159757,3.34,138000.0,0.003022,0.002575,0.003022,0.002002,110096.51,271.27841170,1.09462318209,0.97341058538,1.10582077157,0.868948966513,1116552.6297260274,1100369.10191842,0.9855058083454801,1040.0
2020-08-10,11681.69000000,12067.35000000,11450.00000000,11892.92000000,84952.33788700,1340835,42058.72245500,390.14000000,399.18000000,385.13000000,395.44000000,826969.90633000,395123,409673.34569000,1266986.2100000004,257,4929.907431906617,1.0,937561.7,0.002572,0.002399,0.002882,0.002142,110666.14,268.91981336,0.97341058538,0.973406597006,1.07141295655,0.838464642239,1341914.7496607387,1292058.86971516,0.9628472077244972,897.0
2020-08-11,11892.90000000,11935.00000000,11125.00000000,11392.08000000,90748.28463400,1343979,41221.96100900,395.43000000,398.21000000,367.00000000,379.00000000,992412.60230000,459623,465088.67076000,1000001427450.3394,225,4444450788.668175,1.0,1000000000000.0,0.002408,0.002359,0.002845,0.00217,130670.29,324.98082300,0.973177721458,0.869727569636,1.06982984045,0.862257030216,970798.1320584663,966543.358450842,0.9956172416621748,680.0
2020-08-12,11392.09000000,11617.52000000,11150.00000000,11564.33000000,64909.61364400,1104096,30943.67211400,378.99000000,389.23000000,365.85000000,387.18000000,751848.79830000,349082,378876.83493000,4328011.0600000005,117,36991.54752136752,3.0,1600000.0,0.002343,0.002479,0.0026,0.00222,131273.65,315.08983867,0.869933297725,0.959702617837,0.967899225235,0.866752796156,922983.3024177798,835520.491759131,0.9052390109013483,282.0
2020-08-13,11564.34000000,11792.96000000,11270.36000000,11780.00000000,70132.49150200,1243382,34841.79060200,387.18000000,431.49000000,376.59000000,424.54000000,1511330.77320000,634978,786249.64387000,91014086.75999999,218,417495.810825688,1.0,90071992.55,0.002477,0.002357,0.002915,0.00223,156776.57,404.84565001,0.958995995585,1.08050512092,1.14775498082,0.937269963579,1459122.8537745131,1502131.4174967,1.02947562887589,553.0
2020-08-14,11779.77000000,11850.00000000,11634.03000000,11760.54000000,59818.85269700,1011746,28464.66955300,424.54000000,444.71000000,417.05000000,438.11000000,1109670.94324000,502635,551666.89650000,606597.1300000002,184,3296.723532608697,7.28,66748.25,0.002343,0.002555,0.002893,0.002307,112709.08,298.3971018179,1.08067461327,1.17571878609,1.24217051291,1.06186012135,986670.3612595161,1121458.83465889,1.136609427719418,411.0
2020-08-15,11760.55000000,11980.00000000,11680.00000000,11852.40000000,56237.90505000,1018956,27303.96632100,438.12000000,442.94000000,427.02000000,432.32000000,681698.59710000,351377,332354.72985000,387866.82999999996,140,2770.477357142857,10.0,124159.15,0.002567,0.00259,0.0027299,0.002468,90114.90,233.0371180765,1.17591248135,1.14244606451,1.19101773302,1.1078503565,729000.9963856171,839828.267806234,1.152026227632195,390.0
2020-08-16,11852.40000000,11931.72000000,11686.00000000,11911.00000000,41368.23690600,790240,19342.04531200,432.30000000,436.99000000,412.47000000,433.62000000,716666.25258000,371807,345142.26171000,460811.08999999985,212,2173.6372169811316,3.36,61454.71,0.002588,0.003504,0.003582,0.002531,135059.07,398.0030632498,1.14349277734,1.51560634083,1.51560634083,1.12374290675,1325608.7111462927,1651515.05392107,1.2458541046346598,681.0
2020-08-17,11910.99000000,12468.00000000,11769.78000000,12281.13000000,84734.21154000,1210228,42291.08619900,433.61000000,446.00000000,420.37000000,430.89000000,868870.64996000,443560,434882.89599000,472723.15000000014,236,2003.0641949152548,4.98,60000.0,0.00351,0.003008,0.00387366,0.002892,109995.06,362.5873575592,1.51560634083,1.29295208628,1.52559000819,1.29295208628,878890.7025434776,1274249.80881147,1.4498387627993303,737.0
2020-08-18,12281.15000000,12387.77000000,11817.93000000,11945.01000000,75923.83552700,1189390,35954.34997500,430.89000000,433.81000000,415.00000000,421.95000000,743254.57018000,374074,356765.97549000,1000000363447.0204,156,6410258740.045003,10.68,1000000000000.0,0.002993,0.003091,0.003266,0.002604,98137.90,286.5103749451,1.29284094519,1.27918368569,1.3264572361,1.16629349296,1108242.7009822794,1379102.00148992,1.2444043170936903,482.0
2020-08-19,11945.10000000,12020.08000000,11561.00000000,11754.59000000,73940.16960600,1258060,34861.13596900,421.92000000,426.75000000,393.25000000,407.46000000,978339.69221000,455992,457547.57265000,299947.9600000001,173,1733.80323699422,20.0,30323.95,0.003102,0.00341989,0.00342278,0.002705,87632.94,270.7465588969,1.28073321742,1.3386441973,1.35277407505,1.18119731353,1110303.1949695416,1410743.12268164,1.270592689522379,497.0
2020-08-20,11754.38000000,11888.00000000,11668.00000000,11853.55000000,46085.25435100,798027,21992.90754100,407.46000000,418.98000000,402.07000000,415.94000000,663555.73445000,322537,336116.41655000,274540.7500000001,146,1880.4160958904117,0.2,40000.0,0.00342175,0.00268812,0.00342351,0.00246,97282.71,304.1710672286,1.3386441973,1.10208164639,1.37071701484,1.0942700449,743070.2304243942,961706.414315468,1.2942335393603412,439.0
2020-08-21,11853.54000000,11878.00000000,11485.81000000,11531.34000000,64448.30614200,1189668,30531.73286600,415.94000000,418.68000000,385.10000000,387.97000000,860998.72560000,414222,395087.31195000,4232486.53,157,26958.512929936307,5.0,4000000.0,0.00268617,0.00233239,0.00272699,0.00232813,70541.21,180.1531517241,1.10216176579,0.923052885522,1.11812528802,0.919619948884,852983.853458217,903909.645959544,1.0597031143026456,444.0
2020-08-22,11531.23000000,11686.00000000,11376.81000000,11662.96000000,43678.70164600,809328,21605.07092200,387.93000000,397.04000000,379.92000000,395.24000000,643235.76543000,305450,315092.64001000,3331661.3800000013,144,23136.53736111112,10.54,1035000.0,0.00233099,0.00244226,0.00284405,0.00225306,96729.31,236.1614537728,0.922745948886,1.01217655624,1.04508100364,0.906278243614,806886.5504952801,780857.50425579,0.9677413804660482,366.0
2020-08-23,11663.51000000,11718.07000000,11514.13000000,11648.13000000,37900.00469000,627352,18514.62752500,395.23000000,396.95000000,383.15000000,390.71000000,445317.81989000,222729,218347.50764000,164501.42,132,1246.222878787879,4.16,6023.0,0.00244316,0.00233417,0.00244316,0.0023304,94751.62,223.3050875705,1.01228782514,0.938346483413,1.01695857472,0.923608486507,680473.1361405397,649462.410718265,0.95442770070519,331.0
2020-08-24,11648.12000000,11824.90000000,11585.09000000,11748.20000000,46212.39186700,656584,22780.41948800,390.72000000,410.42000000,387.44000000,407.68000000,717403.81877000,307676,374389.16218000,137218.07,61,2249.476557377049,34.5,22942.28,0.00233451,0.00188318,0.0024589,0.00171452,111431.36,257.3418518951,0.937955039617,0.795927450213,0.975556635218,0.779305296541,1319425.079887837,1254107.86227964,0.9504956980098108,538.0
2020-08-25,11748.19000000,11767.85000000,11117.64000000,11318.42000000,69590.92327200,996668,33126.45198000,407.68000000,409.06000000,370.00000000,382.93000000,970445.38395000,411636,463076.75010000,7790271.09,335,23254.54056716418,1.75,1460000.0,0.00188182,0.00198316,0.00206374,0.00159189,121951.74,219.9159912020,0.802008794782,0.783972600863,0.810131000451,0.681691881347,2215602.4365853094,1641311.39910852,0.7407968920805631,892.0
2020-08-26,11318.42000000,11539.32000000,11244.00000000,11461.43000000,53998.23123100,862654,25622.53674000,382.91000000,392.91000000,377.37000000,385.81000000,738690.77940000,351141,372284.31302000,1436967.39,223,6443.79995515695,5.0,100000.0,0.0019822,0.00200965,0.00239479,0.00181517,97481.74,212.5200028117,0.794429992544,0.78568316167,0.911888299224,0.770005655304,1628769.2833171515,1381488.48373192,0.8481793571882572,790.0
2020-08-27,11461.42000000,11592.20000000,11125.00000000,11330.38000000,63246.03638300,959270,30793.18066800,385.81000000,397.10000000,371.48000000,383.27000000,877763.73658000,392116,441967.74994000,670782.0200000003,176,3811.261477272729,5.0,89021.77,0.00200872,0.00210601,0.00228152,0.00200193,80966.12,168.9419631222,0.784762232386,0.790339127394,0.853362051053,0.77707747756,1106803.1590411467,886113.95438472,0.8006066364613417,433.0
2020-08-28,11330.38000000,11542.65000000,11276.89000000,11526.91000000,45953.90836500,719985,21714.20285900,383.31000000,398.00000000,379.75000000,395.11000000,732601.46905000,311832,376745.79555000,600773.3200000001,154,3901.125454545455,12.18,110000.0,0.0021044,0.00228691,0.00254102,0.00209923,93551.66,210.4274135587,0.790217105161,0.910321203759,0.976179267796,0.788595657993,1268047.880440261,1103147.28898272,0.8699571254357619,597.0
2020-08-29,11526.90000000,11580.02000000,11417.04000000,11465.84000000,32973.79920000,611834,15709.30998500,395.10000000,405.69000000,391.88000000,398.65000000,659802.63344000,300090,335970.72742000,1405556.23,121,11616.167190082644,60.33,1000000.0,0.00228655,0.0022,0.00265705,0.0022,62131.38,149.7657555830,0.909414246949,0.972084750604,1.0122736929,0.90689285224,1039094.4772538019,1004776.45050799,0.9669731410405431,403.0
2020-08-30,11465.84000000,11719.00000000,11458.00000000,11711.16000000,43177.87905400,756541,22258.11590200,398.65000000,429.89000000,398.30000000,428.94000000,894979.71788000,395838,454113.30749000,209388.77000000002,89,2352.6828089887645,50.0,15000.0,0.0022,0.00220081,0.00242609,0.00219805,51683.99,119.1677545342,0.971193352677,0.977093453091,0.992536133428,0.934341774379,924251.7617476744,891819.89677485,0.9649101399476926,313.0
2020-08-31,11711.17000000,11800.77000000,11570.00000000,11649.51000000,55353.61774400,822062,26579.94028400,428.94000000,439.00000000,418.04000000,433.79000000,1040748.68881000,456201,521857.12047000,76056722.8,169,450039.7798816568,5.0,74979800.0,0.0021993,0.00218625,0.002346,0.002021,98054.12,213.7904320460,0.976475568195,0.975461116138,0.994127348989,0.889128596396,2018569.4358411604,1941004.93809953,0.9615745208639265,623.0
2020-09-01,11649.51000000,12050.85000000,11515.00000000,11921.97000000,78148.19366800,1321492,37476.01938200,433.80000000,488.84000000,429.03000000,475.40000000,1751354.57719000,763508,869375.35063000,545681.5699999998,157,3475.678789808916,1.0,95000.0,0.0021856,0.00216427,0.00239099,0.0020528,49811.96,107.0888422825,0.975836859428,1.06332789305,1.09769438271,0.949114214016,1609289.0256957007,1604704.18739623,0.997151016239927,425.0
2020-09-02,11921.97000000,11954.57000000,11160.10000000,11388.54000000,87221.84560200,1373524,39972.30988700,475.40000000,481.39000000,420.00000000,439.50000000,1880642.46853000,825133,930825.55373000,1800427.8899999994,277,6499.739675090251,17.0,200000.0,0.00240764,0.00292631,0.00308,0.00233,83108.64,222.6715324704,1.06128284822,1.21338383672,1.30495790154,1.05998919152,2339087.4744616174,2730298.6610117,1.1672494897353622,807.0
2020-09-03,11388.54000000,11462.60000000,9960.80000000,10140.85000000,121950.10601500,1611610,54266.83286000,439.50000000,450.70000000,372.00000000,381.40000000,2408569.34151000,903066,1163309.47153000,1002234354.7099998,180,5567968.637277776,1.0,1000000000.0,0.00292517,0.00244785,0.00293636,0.00233079,63935.64,170.4259145819,1.21755752311,0.986755676826,1.26976077813,0.972522232719,1284314.836577206,1450917.12505796,1.1297207536158045,496.0
2020-09-04,10138.29000000,10627.05000000,9875.50000000,10446.25000000,92733.59911300,1434860,42707.83466600,381.35000000,400.21000000,357.00000000,385.26000000,1806488.22474000,744610,898001.98862000,598646.4700000002,155,3862.235290322582,1.0,108469.87,0.00244751,0.00243079,0.00245422,0.00224722,90669.75,220.3814578130,0.988115820855,0.957616701478,1.07389342064,0.904455199843,985711.9798882083,973184.972604067,0.9872914121571678,408.0
2020-09-05,10446.25000000,10565.68000000,9825.00000000,10166.69000000,90001.60556800,1476782,43478.13232300,385.30000000,395.00000000,308.42000000,335.01000000,2777166.51389000,1074986,1359142.30847000,79228662992.93999,140,565919021.3781427,100.0,79228162514.26,0.00243178,0.00227349,0.00243847,0.00227066,85131.90,199.8503730068,0.958242475517,0.777359172786,0.98186762238,0.756699926464,786357.4384987019,694173.083713093,0.8827704167692424,294.0
2020-09-06,10166.69000000,10347.14000000,9994.86000000,10256.20000000,56368.78881500,1053192,28033.43882700,335.04000000,360.00000000,316.10000000,352.80000000,2017811.14721000,852597,1001126.65908000,178066.64,101,1763.0360396039605,32.96,11276.96,0.00227191,0.00222656,0.00243898,0.00211042,92852.70,212.2613431562,0.776497300947,0.851212772082,0.856947027644,0.738839971764,723523.0188229186,571979.18390137,0.7905473205702682,193.0
2020-09-07,10255.89000000,10410.75000000,9875.00000000,10373.44000000,62620.23067600,927363,30576.70067300,352.85000000,358.51000000,323.00000000,353.59000000,1740618.42462000,708066,875520.99803000,128653.57999999999,53,2427.4260377358487,45.0,10498.0,0.0022281,0.00228206,0.00239724,0.00219537,80869.03,184.5558632572,0.851434516987,0.829076211319,0.861667121088,0.766350874367,770028.8969068239,630093.119199127,0.8182720437248349,148.0
2020-09-08,10373.45000000,10438.00000000,9850.00000000,10126.65000000,73491.87841800,1048125,34410.81447000,353.59000000,356.58000000,325.38000000,337.39000000,1400246.82962000,554846,683844.91475000,435011.67,184,2364.193858695652,0.3,32743.05,0.00228363,0.00325762,0.00359813,0.00219623,123989.98,333.2178062699,0.829616467599,1.14158717061,1.55218620601,0.801581666446,3191542.461496697,2808816.35640546,0.8800811489402041,1025.0
2020-09-09,10126.66000000,10343.00000000,9981.01000000,10219.20000000,49347.11377600,755560,23815.41242700,337.41000000,359.00000000,330.51000000,350.85000000,879760.56255000,381038,450864.78551000,2024984.07,348,5818.919741379311,6.02,1000000.0,0.00325922,0.00349168,0.00350414,0.00308738,91373.65,301.5522856962,1.14342086086,1.22188216241,1.25482527139,1.10396270939,1779310.1366998625,2077882.12289325,1.1678021048917069,864.0
2020-09-10,10219.29000000,10483.35000000,10070.83000000,10336.87000000,58253.75375000,851877,27690.11249800,350.85000000,377.25000000,349.91000000,367.93000000,1134287.61137000,512819,564874.99855000,33348752.66999999,232,143744.62357758617,15.0,32730952.0,0.00349302,0.00411237,0.0041162,0.00320964,119820.62,430.1309265419,1.22188216241,1.47376704887,1.58058768688,1.21596433212,2235954.286207458,2896546.08609917,1.295440655458204,905.0
2020-09-11,10336.86000000,10397.60000000,10200.00000000,10387.89000000,43830.25446700,637869,21231.61072700,367.93000000,375.27000000,355.49000000,373.63000000,844017.59966000,367615,423159.48329000,594944.2599999999,231,2575.5162770562765,8.34,40000.0,0.00411359,0.00307248,0.00411473,0.00307,89795.95,300.3436650332,1.47537122185,1.2046695906,1.4950882548,1.17696203734,1345906.9314716079,1737376.38053584,1.2908592265263108,664.0
2020-09-12,10387.89000000,10477.97000000,10269.25000000,10440.92000000,35379.15309600,577724,17560.76888500,373.62000000,388.57000000,364.73000000,387.78000000,766542.31635000,318774,391980.78732000,148083.33,117,1265.669487179487,5.0,20701.63,0.00307282,0.00307675,0.00343444,0.00307,88030.59,278.6993205863,1.20422920419,1.22309000915,1.23326476521,1.15755689616,935204.8263725069,1123349.06965913,1.2011797180478645,398.0
2020-09-13,10440.67000000,10580.11000000,10200.00000000,10332.83000000,43837.60986500,692439,20785.51732800,387.78000000,390.43000000,350.00000000,366.42000000,989195.69047000,430236,471379.94130000,176929.59999999995,84,2106.304761904761,15.01,10000.64,0.00307683,0.00307158,0.00334533,0.00307,93384.67,298.3294123078,1.2231744898,1.13948068127,1.27452841699,1.12280104094,889906.0359586724,1070579.5738728,1.20302541011478,384.0
2020-09-14,10332.84000000,10750.00000000,10212.34000000,10671.77000000,67059.29136100,828957,31880.36315700,366.43000000,384.64000000,355.73000000,377.12000000,1042059.62265000,476828,520997.62714000,524182.42000000004,86,6095.144418604652,2.11,160305.91,0.00307065,0.00310615,0.00316785,0.00291,95895.23,293.9524122943,1.14057112108,1.17330236643,1.18598725816,1.09401268752,895523.492499301,1027501.43061534,1.1473751824731075,313.0
2020-09-15,10671.77000000,10930.04000000,10606.48000000,10785.31000000,61822.45278600,893852,29744.08727700,377.12000000,382.47000000,362.34000000,364.06000000,883856.33005000,405048,425660.93557000,10358893.030000003,128,80928.85179687502,7.57,10000000.0,0.00310616,0.00268944,0.00311161,0.00244273,98675.51,276.6127478786,1.17330236643,0.999602022092,1.17823233655,0.961981874607,1130426.3495339756,1217107.45950246,1.076680015468694,400.0
2020-09-16,10785.23000000,11093.00000000,10661.22000000,10954.01000000,64991.51244000,884153,31740.51169100,364.05000000,373.45000000,355.00000000,365.11000000,841709.98939000,371665,401737.07122000,263511.57999999996,107,2462.7250467289714,8.4,46788.07,0.00268831,0.00335692,0.0033642,0.00265192,91936.45,256.8812495079,0.999517170552,1.16670522803,1.16670522803,0.949903287168,1441077.0427415774,1447319.30558006,1.0043316648960052,452.0
2020-09-17,10954.01000000,11045.46000000,10745.83000000,10939.99000000,55601.61452900,829137,27029.92703500,365.04000000,394.14000000,363.30000000,389.36000000,1256300.41100000,505247,649410.54624000,316462.01999999996,115,2751.8436521739127,11.0,32105.62,0.0033545,0.00253674,0.00335928,0.00252843,93634.10,274.3397499383,1.16670522803,1.03049820561,1.18382772227,1.02518473213,912035.5654680933,1031377.89028907,1.1308527094113106,345.0
2020-09-18,10940.00000000,11038.03000000,10812.84000000,10933.39000000,47266.72827500,717371,23044.91988600,389.35000000,392.58000000,375.33000000,384.39000000,804194.47219000,323159,390631.14787000,3458499.1500000013,68,50860.28161764708,10.0,3000000.0,0.00253675,0.00278341,0.00294382,0.00253675,83867.63,223.7393704953,1.03049820561,1.06027970283,1.14391675599,1.01783957761,798152.3501700864,832194.231257388,1.0426508561680579,220.0
2020-09-19,10933.40000000,11179.79000000,10887.37000000,11080.65000000,38440.03685800,620127,19923.05926700,384.40000000,388.72000000,377.00000000,385.25000000,570908.33553000,230924,275383.50997000,369234.9700000001,104,3550.3362500000007,2.0,200002.0,0.00278355,0.00278944,0.00294449,0.00276025,89335.19,249.9579599012,1.06137027789,1.08485832233,1.11088709735,1.05824893111,713656.2379383837,769012.743092667,1.077567464854224,278.0
2020-09-20,11080.64000000,11080.64000000,10723.00000000,10920.28000000,39157.92256500,646329,19437.69436300,385.25000000,385.45000000,365.00000000,371.04000000,693164.40144000,275295,339273.53425000,189626.33000000005,74,2562.5179729729734,0.1,11591.26,0.00278836,0.00248456,0.00281508,0.0023711,120614.60,310.9122975457,1.0854956106,0.983511983728,1.08579135118,0.980159985681,661768.9410804431,693351.234030052,1.0477240483635357,223.0
2020-09-21,10920.28000000,10988.86000000,10296.35000000,10417.22000000,70683.43117900,1028531,33628.93058900,371.04000000,376.80000000,331.00000000,340.36000000,1283946.03098000,472560,614255.13337000,244989.78000000006,84,2916.5450000000005,3.92,50000.0,0.00248486,0.00248474,0.00272071,0.00234755,89426.70,226.1751714727,0.983899478306,0.906164878998,1.00453007089,0.875164861131,823073.3153292676,779237.297330067,0.9467410530960244,276.0
2020-09-22,10417.22000000,10572.71000000,10353.00000000,10529.61000000,43991.23547600,738576,21497.46158900,340.31000000,346.91000000,335.34000000,344.21000000,842731.12878000,286593,406238.87933000,1536192.6200000003,226,6797.312477876108,11.07,966000.0,0.00248342,0.00319451,0.00319977,0.00245603,97522.92,266.3663930756,0.906193323561,1.06703850245,1.09393679551,0.873882059712,2229759.1442152136,2067575.27309617,0.9272639506648931,901.0
2020-09-23,10529.61000000,10537.15000000,10136.82000000,10241.46000000,51876.56807900,774391,25012.70681900,344.18000000,344.65000000,313.29000000,320.72000000,940904.49756000,323226,451952.70895000,79231512562.83005,284,278984199.1648945,0.36,79228162514.26,0.0031964,0.00223231,0.00319982,0.0022211,97845.88,264.8075979903,1.06716570237,0.770295268705,1.06733426236,0.707476365388,1907928.000100567,1864915.1143945,0.9774557081274556,1112.0
2020-09-24,10241.46000000,10795.24000000,10190.93000000,10736.32000000,57676.61942700,789282,27946.80432500,320.72000000,353.10000000,316.67000000,348.97000000,1071705.09721000,371450,541195.93188000,1613353.0600000005,200,8066.765300000003,0.4,741452.02,0.00223363,0.00240876,0.00248402,0.00222158,83879.45,201.0732382240,0.770295268705,0.866868596019,0.873901327128,0.764454245635,1136556.5538014285,921978.762629509,0.8112035952331421,478.0
2020-09-25,10736.33000000,10760.53000000,10556.24000000,10686.67000000,48101.11700800,733430,23566.33033700,348.97000000,358.00000000,337.58000000,351.92000000,860643.77924000,310536,428498.41778000,606397.1499999994,182,3331.8524725274697,2.14,99995.0,0.0024071,0.0030132,0.00310478,0.00236449,91038.79,244.2304602662,0.866929109068,1.0415990439,1.07903907514,0.825132918201,2333488.837117147,2129933.5633042,0.912767839050636,650.0
2020-09-26,10686.57000000,10820.94000000,10644.68000000,10728.60000000,28420.83665900,502670,14314.53134500,351.93000000,356.40000000,345.88000000,353.92000000,530879.20755000,217834,265973.62355000,1671227.11,162,10316.216728395062,10.0,1117896.54,0.00301609,0.00267773,0.00302213,0.00255533,86367.49,237.3939957914,1.04121028722,0.950857302853,1.0513928045,0.933969634204,1144244.5196927628,1122065.00948991,0.9806164593134271,530.0
2020-09-27,10728.59000000,10799.00000000,10594.82000000,10774.25000000,30549.48325300,516004,15101.03977000,353.95000000,362.14000000,347.24000000,357.49000000,569568.55041000,230526,278104.49527000,79228514126.21004,110,720259219.3291821,0.01,79228162514.26,0.00267849,0.00263609,0.00298073,0.0026344,94422.50,262.0471519929,0.950793494752,0.957103335073,1.01357657164,0.949184705963,878541.2019060383,858786.825244172,0.9775145700406443,304.0
2020-09-28,10774.26000000,10950.00000000,10626.00000000,10696.12000000,50095.25173400,686664,25219.07331500,357.58000000,368.20000000,351.70000000,353.96000000,757758.43040000,261317,365322.52821000,1070062.5,82,13049.542682926829,1.0,750000.0,0.00263433,0.00243437,0.00264173,0.00240458,84130.99,213.1995593081,0.957103335073,0.871108168946,0.96192013897,0.871108168946,926953.2464055062,851081.066238798,0.9181488597608114,360.0
2020-09-29,10696.11000000,10867.54000000,10635.87000000,10840.48000000,41874.89839900,587576,19896.07620900,353.91000000,360.63000000,350.45000000,359.79000000,585143.16892000,214988,296028.84893000,461316.12,197,2341.706192893401,0.35,48599.94,0.00243536,0.00240936,0.00249063,0.00225001,87318.12,206.9434016950,0.870566860195,0.849661622622,0.894628613355,0.785942519711,1104291.7184116447,943948.193312491,0.8547996671298203,476.0
2020-09-30,10840.58000000,10849.34000000,10665.13000000,10776.59000000,39596.02732200,595383,18712.05971100,359.78000000,361.50000000,351.56000000,359.83000000,498943.23226000,173910,258138.87585000,87151817338.86002,168,518760817.49321437,5.0,79228162514.26,0.0024113,0.0021635,0.00242906,0.00214802,78258.98,175.6047465597,0.849822323077,0.781785494162,0.850282762523,0.777999133512,1145491.7994254974,930391.386495821,0.8122200324458398,512.0
2020-10-01,10776.59000000,10920.00000000,10437.00000000,10619.13000000,60866.33289300,794855,28449.97510300,359.83000000,370.45000000,345.51000000,352.85000000,758349.31959000,288354,361455.09687000,426258.4400000002,138,3088.82927536232,10.0,163630.0,0.00216637,0.00228024,0.00251814,0.0021621,89313.51,200.0133824777,0.781933418979,0.833231120132,0.864351743192,0.781049653277,892263.0366194453,729078.867424334,0.8171120370363273,322.0
2020-10-02,10619.13000000,10664.64000000,10374.00000000,10570.40000000,50130.39370500,777193,24123.90254500,352.83000000,354.55000000,334.24000000,345.60000000,733571.84211000,286023,359044.99342000,7923207864.69,118,67145829.36177966,19.78,7922816251.43,0.0022799,0.0024049,0.0024696,0.0021623,85917.75,198.5286043484,0.832797139105,0.806186233391,0.838145660585,0.771143241302,933541.6222869359,756224.403767455,0.8100596542389835,396.0
2020-10-03,10570.40000000,10603.56000000,10496.46000000,10542.06000000,22298.22134100,381329,10752.46288200,345.60000000,351.00000000,343.70000000,345.95000000,303595.71901000,136755,157899.99434000,125951.67,83,1517.49,9.0,10000.0,0.00240587,0.00231259,0.00241085,0.00230254,89534.92,210.8615005982,0.806186233391,0.768904971035,0.81035492923,0.768904971035,592336.5942142272,473214.533860147,0.7988946461899703,208.0
2020-10-04,10542.07000000,10696.87000000,10517.87000000,10666.63000000,23212.00159500,377553,12123.27565000,345.94000000,354.45000000,343.81000000,352.37000000,343932.91712000,138736,168705.23259000,78479.74999999999,63,1245.7103174603171,23.7,17550.78,0.00231454,0.00233349,0.0023396,0.00230253,86152.41,199.3210886238,0.768904971035,0.783476609106,0.794559690349,0.768294059619,691464.0201357551,544503.732015341,0.7874650251627535,210.0
2020-10-05,10666.62000000,10798.00000000,10615.64000000,10792.21000000,34025.76165300,483340,15551.58438700,352.34000000,356.10000000,348.54000000,353.62000000,376740.30692000,145787,185554.40142000,404971.5200000001,215,1883.5884651162794,0.07,163630.0,0.00233352,0.00209075,0.00233738,0.00202684,102494.73,221.7074947107,0.79767391506359,0.73365045895922,0.81627068253908,0.71575254886832,612947.4250576,471641.76311843545,0.7694652817476381,543.0
2020-10-06,10792.20000000,10800.00000000,10791.32000000,10794.05000000,161.71976600,1745,79.82345900,353.63000000,355.10000000,353.63000000,354.41000000,4225.11539000,1629,2708.52212000,5581.61,13,429.3546153846154,37.92,2000.0,0.00208959,0.00208959,0.00209109,0.00208959,214.90,0.4492367898,0.73308030372091,0.73434412719177,0.73559341536401,0.72964277477822,825596.6298908233,605005.03902199,0.7328094824006195,
